cnt	sum	min	avg	max	sumLock	sumRows	avgRows	db	query
53712	225.411009924	0.000111055	0.00419666	0.165985211	0.090776	2616	0.0487	isuride	SELECT * FROM ride_statuses WHERE ride_id = '01JERAB5M5RXRECJQQ93GFTV0V' AND app_sent_at IS NULL ORDER BY created_at ASC LIMIT 1
73241	172.841825822	9.0119e-05	0.002359905	0.164796804	0.131037	57821	0.7895	isuride	SELECT * FROM rides WHERE chair_id = '01JERA9W6TXSGNTJWC5010KSM1' ORDER BY updated_at DESC LIMIT 1
47071	89.900961973	0.000111589	0.001909901	0.157065544	0.082238	2567	0.0545	isuride	SELECT * FROM ride_statuses WHERE ride_id = '01JERAABCZHR3R5ZXMFCDDKPAJ' AND chair_sent_at IS NULL ORDER BY created_at ASC LIMIT 1
74219	81.891222967	8.7163e-05	0.001103372	0.115593999	0.196752	74277	1.0008	isuride	SELECT * FROM chairs WHERE access_token = 'a03c51ceefa6e69fa683476bd30deb99604ec8565182acf03ada02e167085d07'
108888	74.34523911	5.2947e-05	0.000682767	0.075416328	0.177735	109010	1.0011	isuride	SELECT IFNULL(last_status,'COMPLETED') FROM rides WHERE id = '01JERABG992WBN802C7FP1NR3S'
34297	68.566725248	0.000110866	0.001999204	0.144417628	0.041667	175605	5.1201	isuride	SELECT * FROM ride_statuses WHERE ride_id = '01JERAA4A7QJVAXHD5R0Z30Y9X' ORDER BY created_at
53735	57.51880711	8.8453e-05	0.001070416	0.14386689	0.123328	53752	1.0003	isuride	SELECT * FROM rides WHERE user_id = '01JERAA4B1MJN6KWC09R6KV3RN' ORDER BY created_at DESC LIMIT 1
2619	35.803799953	0.000189956	0.01367079	0.160084124	0.009743	0	0.0000	isuride	INSERT INTO ride_statuses (id, ride_id, status) VALUES ('01JERAB98NZ36TJM0SPRNXJD0D', '01JERAAX8A34EF8ANVZXM9N3TA', 'COMPLETED')
10679	27.817546096	9.0993e-05	0.002604883	0.159392239	0.02286	34353	3.2169	isuride	SELECT * FROM rides WHERE chair_id = '01JERAB44YYJE09ZR2TSRZ40KZ' ORDER BY updated_at DESC
55565	22.281825493	6.8782e-05	0.000401004	0.109668808	0.082301	32227	0.5800	isuride	SELECT * FROM coupons WHERE used_by = '01JERAAS7X79KYNE9HTTJYQ0SE'
27488	18.246929884	5.3782e-05	0.000663814	0.147527846	0.025547	27396	0.9967	isuride	SELECT * FROM chairs WHERE is_active = TRUE ORDER BY (ABS(-25 - last_latitude)+ABS(1-last_longitude) + 60) / speed ASC LIMIT 1 OFFSET 0
56542	18.191831839	7.0107e-05	0.00032174	0.092593977	0.172314	56556	1.0002	isuride	SELECT * FROM users WHERE access_token = '7bee1a3c9e1f742fa3c22ce4183c8b9bbc4d95ea56a270ca977e738294345987'
47055	13.765631897	6.039e-05	0.000292543	0.07125612	0.084114	47077	1.0005	isuride	SELECT * FROM users WHERE id = '01JERA9ZJAXTYGGZ4K07ARXD8N' FOR SHARE
27488	13.255351907	0.000164454	0.000482223	0.136006966	0.031854	27487	1.0000	isuride	SELECT COUNT(*) = 0 FROM (SELECT COUNT(chair_sent_at) = 6 AS completed FROM ride_statuses WHERE ride_id IN (SELECT id FROM rides WHERE chair_id = '01JERAB0GQXB78QJ1B15037PEM') GROUP BY ride_id) is_completed WHERE completed = FALSE
2567	10.802462513	0.000101815	0.004208205	0.137538554	0.453757	0	0.0000	isuride	UPDATE ride_statuses SET chair_sent_at = CURRENT_TIMESTAMP(6) WHERE id = '01JERAAXSHKZ8ZZN4AV0H132YY'
2616	10.435667049	0.000103527	0.003989169	0.099212988	0.586459	0	0.0000	isuride	UPDATE ride_statuses SET app_sent_at = CURRENT_TIMESTAMP(6) WHERE id = '01JERAAA21PC91DPC85QQKEEEC'
2910	9.970511334	0.000118516	0.003426292	0.088269143	0.005976	7214	2.4790	isuride	SELECT rides.* FROM rides JOIN ride_statuses ON rides.id = ride_statuses.ride_id WHERE chair_id = '01JERAACY9EFD7KJ65C07NR10T' AND status = 'COMPLETED' AND updated_at BETWEEN '1970-01-01' AND '2024-12-10 12:57:28.254' + INTERVAL 999 MICROSECOND
11624	9.958224653	5.9947e-05	0.000856695	0.07241366	0.029576	11625	1.0001	isuride	SELECT * FROM chairs WHERE id = '01JERAAX0SBXEWAKSEPE4734QR'
6858	9.745477505	0.0001087	0.001421037	0.112446129	0.023758	0	0.0000	isuride	UPDATE chairs SET total_distance = total_distance + IFNULL(ABS(22 - last_latitude) + ABS(35 - last_longitude),0), total_distance_updated_at = '2024-12-10 12:57:34.252269308', last_latitude = 22, last_longitude = 35 WHERE id = '01JERAAWXXJSEVHF41239VZTXW'
114698	8.470075817	1.2723e-05	7.3846e-05	0.077592939	0	0	0.0000	isuride	COMMIT
10844	5.981684711	5.8121e-05	0.000551612	0.119648821	0.035724	0	0.0000	isuride	INSERT INTO chair_locations (id, chair_id, latitude, longitude, created_at) VALUES ('01JERAAM7VZYEB3RJ1RB0VAFDX', '01JERA9W6TXSGNTJWC5010KSM1', 303, 342, '2024-12-10 12:57:24.475922779')
130816	4.228980691	9.798e-06	3.2327e-05	0.013632773	0	0	0.0000	isuride	START TRANSACTION
579	3.770384089	0.000555547	0.006511889	0.07580125	0.003884	5486	9.4750	isuride	SELECT *, last_latitude, last_longitude FROM chairs WHERE ABS(290 - last_latitude) + ABS(340 - last_longitude) <= 50 AND is_active AND (last_status IS NULL OR last_status = 'COMPLETED') ORDER BY ABS(290 - last_latitude) + ABS(340 - last_longitude)
483	2.32712419	0.000119636	0.004818062	0.084003193	0.002469	0	0.0000	isuride	UPDATE rides SET chair_id = '01JERAAEKXSTG5FS911P4CP7RT' WHERE id = '01JERAAKNFPMY1S4Q6ABW083EP'
414	2.305393082	0.000123433	0.005568582	0.07010025	0.000306	0	0.0000	isuride	UPDATE rides SET evaluation = 2 WHERE id = '01JERAAF067XA8BFH0JAF7P4TV'
1489	2.078457831	0.000106859	0.001395874	0.053922968	0.002955	0	0.0000	isuride	UPDATE chairs SET total_distance = total_distance + IFNULL(ABS(42 - last_latitude) + ABS(-1 - last_longitude),0), total_distance_updated_at = '2024-12-10 12:57:55.304351338', last_latitude = 42, last_longitude = -1 WHERE id = '01JERABJ6Z4WYQJHAGF7E7W8CZ'
509	1.846784991	8.2466e-05	0.003628261	0.122881118	0.123183	0	0.0000	isuride	"INSERT INTO rides (id, user_id, pickup_latitude, pickup_longitude, destination_latitude, destination_longitude)
				  VALUES ('01JERABKRVH5HGM96TFAQE6X4M', '01JERABKDT39NW2PCGK9CEJ9KG', 314, 316, 282, 316)"
1197	1.62149993	0.000111905	0.001354636	0.053130012	0.001014	0	0.0000	isuride	UPDATE chairs SET total_distance = total_distance + IFNULL(ABS(-6 - last_latitude) + ABS(7 - last_longitude),0), total_distance_updated_at = '2024-12-10 12:57:53.983187482', last_latitude = -6, last_longitude = 7 WHERE id = '01JERAB0GQXB78QJ1B15037PEM'
1300	1.589123242	0.000112512	0.001222402	0.05596099	0.001115	0	0.0000	isuride	UPDATE chairs SET total_distance = total_distance + IFNULL(ABS(-6 - last_latitude) + ABS(-33 - last_longitude),0), total_distance_updated_at = '2024-12-10 12:57:22.192146598', last_latitude = -6, last_longitude = -33 WHERE id = '01JERAA7JX5XM4BYFVNT6V6K82'
67	1.036912682	0.000555127	0.015476308	0.09310685	0.580437	26	0.3881	isuride	SELECT * FROM coupons WHERE code = 'INV_2ede6d68957381de33fd9283ab9524' FOR UPDATE
1336	0.934071909	6.656e-05	0.000699155	0.036279513	0.001225	1336	1.0000	isuride	SELECT * FROM rides WHERE id = '01JERAB5NJH2G60ZJDAD0G876J'
16089	0.784901712	1.3946e-05	4.8784e-05	0.014398643	0	0	0.0000	isuride	ROLLBACK
509	0.710231808	9.6266e-05	0.001395347	0.07886839	0.000437	509	1.0000	isuride	SELECT COUNT(*) FROM rides WHERE user_id = '01JERABHMVE3QBWHGHRNQMHH98'
301	0.70147926	0.000138568	0.002330495	0.066509681	0.000237	0	0.0000	isuride	UPDATE coupons SET used_by = '01JERAB7BTDBQ9MM8YHS275P8K' WHERE user_id = '01JERAB73T0VKZDHPJZYN13FXX' AND code = 'CP_NEW2024'
307	0.673864386	0.000153254	0.002194998	0.072247222	0.366232	99	0.3225	isuride	SELECT * FROM coupons WHERE user_id = '01JERA9ZDDD6KD11X95EM1HTZC' AND used_by IS NULL ORDER BY created_at LIMIT 1 FOR UPDATE
139	0.604389531	0.000120312	0.004348126	0.080644653	0.000219	0	0.0000	isuride	INSERT INTO chairs (id, owner_id, name, model, is_active, access_token) VALUES ('01JERAB3Z75K74JBA75DNJR2T0', '01JERA9W3AYMVYK3SDJBE14928', 'FL-RX10-8987', 'フォームライン RX', 0, 'b2f639b9fc6d12a8af18e5e3d3c85da8a1aab92bb532c3a5586fa7006cdc911d')
1	0.499884265	0.499884265	0.499884265	0.499884265	0	0	0.0000	isuride	INSERT INTO `ride_statuses` VALUES ('01JDJ37JJ0QPX4D87D918TBP0F','01JDJ37JJ0QPX4D87D911C62H7','MATCHING','2024-11-25 16:42:16.000000','2024-11-25 16:42:17.000000','2024-11-25 16:42:17.000000'),('01JDJ37NFRMMNZQD6KQRGHZNJH','01JDJ37JJ0QPX4D87D911C62H7','ENROUTE','2024-11-25 16:42:19.000000','2024-11-25 16:42:20.000000','2024-11-25 16:42:20.000000'),('01JDJ39YQG5BYSPFGY8ZQYJS0J','01JDJ39YQG5BYSPFGY8Y5SNTKM','MATCHING','2024-11-25 16:43:34.000000','2024-11-25 16:43:35.000000','2024-11-25 16:43:35.000000'),('01JDJ39YQGEWSXD2XNYVVJ3ZG7','01JDJ39YQGEWSXD2XNYTBJTWTV','MATCHING','2024-11-25 16:43:34.000000','2024-11-25 16:43:35.000000','2024-11-25 16:43:35.000000'),('01JDJ3A1N8NX5MWCX8JB6J5REC','01JDJ39YQGEWSXD2XNYTBJTWTV','ENROUTE','2024-11-25 16:43:37.000000','2024-11-25 16:43:38.000000','2024-11-25 16:43:38.000000'),('01JDJ3A1N8X68KM0XWQS13HDTZ','01JDJ39YQG5BYSPFGY8Y5SNTKM','ENROUTE','2024-11-25 16:43:37.000000','2024-11-25 16:43:38.000000','2024-11-25 16:43:38.000000'),('01JDJ3JN1RZ18MNMV32D56N8WR','01JDJ37JJ0...
857	0.494249599	7.3094e-05	0.00057672	0.02947588	0.000834	857	1.0000	isuride	SELECT * FROM rides WHERE id = '01JERAA6QZNTD6JWPTNRWWA074' FOR UPDATE
166	0.490910139	0.000138731	0.002957289	0.038906196	0.000223	2816	16.9639	isuride	"SELECT id,
       owner_id,
       name,
       access_token,
       model,
       is_active,
       created_at,
       updated_at,
       total_distance,
       total_distance_updated_at
FROM chairs WHERE owner_id = '01JERA9W6G6V4KRYKX68APVQ02'"
152	0.490498605	0.000126563	0.003226964	0.443561017	0.000349	3096	20.3684	isuride	SELECT * FROM rides WHERE chair_id IS NULL ORDER BY created_at
2	0.485460779	0.131736007	0.242730389	0.353724772	0	0	0.0000	isuride	INSERT INTO `chair_locations` VALUES ('01JDJ37JJ0QPX4D87D8XY6WAWN','01JDHH3KZ0MG3PGY12JCWQAGHH',18,-3,'2024-11-25 16:42:16.000000'),('01JDJ39G2RT9QNQWSRVCXETS8M','01JDHH3KZ0MG3PGY12JCWQAGHH',23,-1,'2024-11-25 16:43:19.000000'),('01JDJ39YQG5BYSPFGY8XCWSVQ0','01JDGXCMJ0XT63R13M61ZVHC46',-22,-49,'2024-11-25 16:43:34.000000'),('01JDJ39YQGEWSXD2XNYT0ZNVR9','01JDGEKKV0J0S5KS9C852QYCK3',36,-1,'2024-11-25 16:43:34.000000'),('01JDJ3BANR2Z2FMJVQMGCQAGKE','01JDHH3KZ0MG3PGY12JCWQAGHH',30,-1,'2024-11-25 16:44:19.000000'),('01JDJ3BW88F7KVM45KVY80DD9T','01JDGXCMJ0XT63R13M61ZVHC46',-21,-48,'2024-11-25 16:44:37.000000'),('01JDJ3BW88JJ90PX3HJWPAWPTC','01JDGEKKV0J0S5KS9C852QYCK3',33,-3,'2024-11-25 16:44:37.000000'),('01JDJ3D58RY7XMK4G7NJFTXFY5','01JDHH3KZ0MG3PGY12JCWQAGHH',32,4,'2024-11-25 16:45:19.000000'),('01JDJ3DPV8E7GZG9CBN4HFJJZ4','01JDGXCMJ0XT63R13M61ZVHC46',-20,-47,'2024-11-25 16:45:37.000000'),('01JDJ3DPV8QZD17T730ECR76QW','01JDGEKKV0J0S5KS9C852QYCK3',33,-8,'2024-11-25 16:45:37.000000'),('01JDJ3EZVRW3AFFDVQSS7AE7QE'...
166	0.390283848	0.000111324	0.002351107	0.029888437	0.000128	2912	17.5422	isuride	SELECT * FROM chairs WHERE owner_id = '01JERA9W4MVXP2MA5TWZBPZT3M'
209	0.389350438	8.2274e-05	0.00186292	0.043371088	0.00019	0	0.0000	isuride	INSERT INTO users (id, username, firstname, lastname, date_of_birth, access_token, invitation_code) VALUES ('01JERABFX13JYV0Y8PPPAHZ0G0', 'Eichmann4067', '万千', '田村', '1996-12-26', 'c597b9f996457989b0db6a2bcae8a74446e90af5b781f97ad1d988ccfbe3d768', 'f12d599d26e57f3bbb21be166c4d07')
509	0.361709676	7.9678e-05	0.000710628	0.045662255	0.000445	871	1.7112	isuride	SELECT * FROM rides WHERE user_id = '01JERAA7FH6AN57T87HGY0CKA4'
582	0.336228193	8.4957e-05	0.000577711	0.029036208	0.000548	937	1.6100	isuride	SELECT * FROM rides WHERE user_id = '01JERAA3YQFDNKY1JMJE1MM89A' ORDER BY created_at DESC
138	0.323546738	0.000129696	0.002344541	0.057272567	0.002688	0	0.0000	isuride	UPDATE chairs SET is_active = 1 WHERE id = '01JERAA5S0QEKC9WTDH0NSRK99'
221	0.285795889	0.000120446	0.001293194	0.032504133	0.000231	524	2.3710	isuride	SELECT * FROM rides WHERE user_id = '01JERAA18F3MCC2PRKMGMCYWSY' ORDER BY created_at ASC
311	0.269913881	0.000126414	0.00086789	0.018162076	0.00023	102	0.3280	isuride	SELECT * FROM coupons WHERE user_id = '01JERAA13NE1VMPBP6QENKF6QE' AND used_by IS NULL ORDER BY created_at LIMIT 1
269	0.269374329	6.0951e-05	0.001001391	0.032411532	0.082274	0	0.0000	isuride	INSERT INTO coupons (user_id, code, discount) VALUES ('01JERAA4BDKB8F3HMFYRB79CSD', 'CP_NEW2024', 3000)
937	0.231545573	5.2452e-05	0.000247113	0.011955743	0.000849	937	1.0000	isuride	SELECT * FROM owners WHERE id = '01JERA9W6G6V4KRYKX68APVQ02'
513	0.204586608	6.3235e-05	0.000398804	0.025862661	0.000533	202	0.3938	isuride	SELECT * FROM coupons WHERE user_id = '01JERA9WDBW601GPPAQCH26FWM' AND code = 'CP_NEW2024' AND used_by IS NULL
202	0.204200323	8.4119e-05	0.001010892	0.030919795	0.068603	202	1.0000	isuride	SELECT * FROM coupons WHERE user_id = '01JERAA2KTDVWEVRC9NHQ2PZJB' AND code = 'CP_NEW2024' AND used_by IS NULL FOR UPDATE
1	0.172926162	0.172926162	0.172926162	0.172926162	3e-06	0	0.0000	isuride	UPDATE chairs, (SELECT chair_id, SUM(IFNULL(distance, 0)) AS total_distance, MAX(created_at) AS total_distance_updated_at FROM (SELECT chair_id, created_at, ABS(latitude - LAG(latitude) OVER (PARTITION BY chair_id ORDER BY created_at)) + ABS(longitude - LAG(longitude) OVER (PARTITION BY chair_id ORDER BY created_at)) AS distance FROM chair_locations) tmp GROUP BY chair_id) AS d SET chairs.total_distance = d.total_distance, chairs.total_distance_updated_at = d.total_distance_updated_at WHERE chairs.id = d.chair_id
414	0.131424401	6.9354e-05	0.00031745	0.025529474	0.000425	414	1.0000	isuride	SELECT * FROM payment_tokens WHERE user_id = '01JERA9YW8KRN46R187SA4AERF'
332	0.093741236	7.5435e-05	0.000282353	0.006211144	0.000446	332	1.0000	isuride	SELECT * FROM owners WHERE access_token = 'fffc1975945303d1ed7831bfb5e96116de6fcc487b86ba18cb1caed2a34a5fb8'
413	0.085769437	6.5589e-05	0.000207674	0.004687642	0.002992	414	1.0024	isuride	SELECT value FROM settings WHERE name = 'payment_gateway_url'
202	0.07679026	7.6503e-05	0.000380149	0.010885447	0.000261	0	0.0000	isuride	INSERT INTO payment_tokens (user_id, token) VALUES ('01JERAA71TH7QC2F3HA3AY3P4C', 'LTyHbfnMksRNiRPRrFAjwNNlYtgiSTsXTmGdIChDcbWdZlrYvKsGxSYIkisVGZLDtfQtagxxZMZrYnrelghjYGZdafttBhJIWjiO')
1	0.074928102	0.074928102	0.074928102	0.074928102	0	0	0.0000	isuride	INSERT INTO `rides` VALUES ('01JDJ37JJ0QPX4D87D911C62H7','01JDJ322S0KH01ENA31X2QB60M','01JDHH3KZ0MG3PGY12JCWQAGHH',37,18,21,0,2,'2024-11-25 16:42:16.000000','2024-11-25 16:55:19.000000'),('01JDJ39YQG5BYSPFGY8Y5SNTKM','01JDJ34EYGXHFM1HRDHCP0DFXY','01JDGXCMJ0XT63R13M61ZVHC46',-15,38,-21,19,3,'2024-11-25 16:43:34.000000','2024-11-25 17:45:37.000000'),('01JDJ39YQGEWSXD2XNYTBJTWTV','01JDJ34EYGXHFM1HRDHCP0DFXY','01JDGEKKV0J0S5KS9C852QYCK3',-17,-47,-18,-73,5,'2024-11-25 16:43:34.000000','2024-11-25 17:11:37.000000'),('01JDJ3TG105GTSDHN29PNRY84C','01JDJ3N080WQD8H1GZBHA8RVCX','01JDGV9D68CBADARMD6H9BQ8KJ',4,-27,3,-47,2,'2024-11-25 16:52:36.000000','2024-11-25 17:01:39.000000'),('01JDJ434CRV70HMDV8BFNG9XCR','01JDJB9Z3R66BBKVRBF5W037QW','01JDHH3KZ0MG3PGY12JCWQAGHH',-38,-10,-32,-13,3,'2024-11-25 16:57:19.000000','2024-11-25 17:11:22.000000'),('01JDJ4EQFR4Q6X096NB05QG6SA','01JDMCVYVGMDH4KM4P46SQN61H','01JDGV9D68CBADARMD6H9BQ8KJ',5,44,-27,37,2,'2024-11-25 17:03:39.000000','2024-11-25 17:32:42.000000'),('01JDJ4SD98HQ5QAG6...
1	0.07183901	0.07183901	0.07183901	0.07183901	0	0	0.0000	isuride	INSERT INTO `chairs` VALUES ('01JDFEF7MGXXCJKW1MNJXPA77A','01JDFEDF008NTA922W12FS7800','QC-L13-8361','クエストチェア Lite',0,'3013d5ec84e1b230f913a17d71ef27c8d09d777b1cce7a3c1e2ffd4040848411','2024-11-24 16:00:58.000000','2024-11-24 16:00:58.000000'),('01JDFEXJM006PH4C1EVHJ31QMV','01JDFEDF008NTA922W12FS7800','LC-48-2566','Legacy Chair',0,'b63d4c58ded093013ea5a483e2184d91e8069d17c69385c728cdc620784a4dd1','2024-11-24 16:08:48.000000','2024-11-24 16:08:48.000000'),('01JDFF0T4G7TXSR2S5PKRAC3HK','01JDFEDF0032PVQ8C193WGKKPB','PA-Z28-375','プレミアムエアチェア ZETA',0,'afb5acdce7a582d47fc75d17e70c71c9df0a333bf25417371e85dae8c1a10167','2024-11-24 16:10:34.000000','2024-11-24 16:10:34.000000'),('01JDFFCJ3R35BM39QZ5SAMFXJD','01JDFEDF0032PVQ8C193WGKKPB','RS-NEO01-1369','リラックスシート NEO',0,'b5215e1d58567074e09f03d3c1796c0b6c9376cdd9fe4e53fc3d23bb5f36c835','2024-11-24 16:16:59.000000','2024-11-24 16:16:59.000000'),('01JDFFNACGHDSW5JB8S4GF8423','01JDFEDF00YK9SN2RGHVCC8JAY','ZB-A53-9086'...
60	0.071045771	9.3859e-05	0.001184096	0.03867131	0.037932	0	0.0000	isuride	INSERT INTO coupons (user_id, code, discount) VALUES ('01JERA9WDBW601GPPAQCH26FWM', CONCAT('RWD_1fe24da353ca9a0e068bd94cf281f3', '_', FLOOR(UNIX_TIMESTAMP(NOW(3))*1000)), 1000)
1	0.059796021	0.059796021	0.059796021	0.059796021	0	0	0.0000	isuride	INSERT INTO `users` VALUES ('01JDJ23EA0C0P2KFPTXDKTZMNM','Collier6283','和治','大森','1972-01-20','34ea320039fc61ae2558176607a2e12ca402cbba22ea21e8c28a46df63f4fd25','5c4a695f66d598eac2a1da230f39d4','2024-11-25 16:22:32.000000','2024-11-25 16:22:32.000000'),('01JDJ23EA0C0P2KFPTXEJNC8TE','Miller6106','寿英','緒方','1963-12-13','d175bd9d34b9c4e0b3d9864a07ccee37f043b9df1e77ca20c78bc5878a537dc6','21b45ed16b4a5195cfe24cd31fc3f3','2024-11-25 16:22:32.000000','2024-11-25 16:22:32.000000'),('01JDJ322S0KH01ENA31X2QB60M','Goldner6682','倖寧','金子','1990-07-04','d1c9df78002d6829f32f1d676c472de1e2f2ce23d8c949979316060e55124205','ee6d417477d556ff0193873b14754b','2024-11-25 16:39:16.000000','2024-11-25 16:39:16.000000'),('01JDJ322S0KH01ENA320NK4MM4','Schneider1218','健児','原口','1997-01-22','c92a4d14dea64104c5284c26254f2e5fa618feba2aa6fc04e2f7f06beee2be8f','fef76756db683630185e8103af54d2','2024-11-25 16:39:16.000000','2024-11-25 16:39:16.000000'),('01JDJ34EYGXHFM1HRDHCP0DFXY','Koss7545','伸晃','小坂...
1	0.052807763	0.052807763	0.052807763	0.052807763	0	0	0.0000	isuride	INSERT INTO `coupons` VALUES ('01JDJ23EA0C0P2KFPTXDKTZMNM','RWD_5c4a695f66d598e_1732551752000',1000,'2024-11-25 16:22:32.000000',NULL),('01JDJ23EA0C0P2KFPTXDKTZMNM','RWD_5c4a695f66d598e_1732555352000',1000,'2024-11-25 17:22:32.000000',NULL),('01JDJ23EA0C0P2KFPTXDKTZMNM','RWD_5c4a695f66d598e_1732558952000',1000,'2024-11-25 18:22:32.000000',NULL),('01JDJ23EA0C0P2KFPTXEJNC8TE','INV_5c4a695f66d598e',1500,'2024-11-25 16:22:32.000000','01JDJCPMSRKN8AHVF9S48FNPP1'),('01JDJ322S0KH01ENA31X2QB60M','RWD_ee6d417477d556f_1732552756000',1000,'2024-11-25 16:39:16.000000','01JDJ37JJ0QPX4D87D911C62H7'),('01JDJ322S0KH01ENA320NK4MM4','INV_ee6d417477d556f',1500,'2024-11-25 16:39:16.000000','01JDKDWS2RCQK5W9YD0TPHBKDX'),('01JDJ3N080WQD8H1GZBHA8RVCX','RWD_afaf277216f9681_1732553376000',1000,'2024-11-25 16:49:36.000000','01JDM60N905RR304V6D42G63F1'),('01JDJ3N080WQD8H1GZBM9EDBTP','INV_afaf277216f9681',1500,'2024-11-25 16:49:36.000000',NULL),('01JDJ4DX40JG91GBMZEC5RSHB9','RWD_6c97f40e83ccb6b_1732554192000',1000,'2024-11-25 17:03:1...
1	0.024598864	0.024598864	0.024598864	0.024598864	2e-06	0	0.0000	isuride	"UPDATE chairs AS c
JOIN (
    SELECT cl1.chair_id, cl1.latitude, cl1.longitude
    FROM chair_locations AS cl1
    INNER JOIN (
        SELECT chair_id, MAX(created_at) AS max_created_at
        FROM chair_locations
        GROUP BY chair_id
    ) AS cl2 ON cl1.chair_id = cl2.chair_id AND cl1.created_at = cl2.max_created_at
) AS latest_cl ON c.id = latest_cl.chair_id
SET c.last_latitude = latest_cl.latitude,
    c.last_longitude = latest_cl.longitude"
1	0.023976743	0.023976743	0.023976743	0.023976743	1.3e-05	0	0.0000	isuride	"CREATE TABLE users
(
  id              VARCHAR(26)  NOT NULL COMMENT 'ユーザーID',
  username        VARCHAR(30)  NOT NULL COMMENT 'ユーザー名',
  firstname       VARCHAR(30)  NOT NULL COMMENT '本名(名前)',
  lastname        VARCHAR(30)  NOT NULL COMMENT '本名(名字)',
  date_of_birth   VARCHAR(30)  NOT NULL COMMENT '生年月日',
  access_token    VARCHAR(255) NOT NULL COMMENT 'アクセストークン',
  invitation_code VARCHAR(30)  NOT NULL COMMENT '招待トークン',
  created_at      DATETIME(6)  NOT NULL DEFAULT CURRENT_TIMESTAMP(6) COMMENT '登録日時',
  updated_at      DATETIME(6)  NOT NULL DEFAULT CURRENT_TIMESTAMP(6) ON UPDATE CURRENT_TIMESTAMP(6) COMMENT '更新日時',
  PRIMARY KEY (id),
  UNIQUE (username),
  UNIQUE (access_token),
  UNIQUE (invitation_code)
)
  COMMENT = '利用者情報テーブル'"
1	0.023103193	0.023103193	0.023103193	0.023103193	9e-06	0	0.0000	isuride	"CREATE TABLE owners
(
  id                   VARCHAR(26)  NOT NULL COMMENT 'オーナーID',
  name                 VARCHAR(30)  NOT NULL COMMENT 'オーナー名',
  access_token         VARCHAR(255) NOT NULL COMMENT 'アクセストークン',
  chair_register_token VARCHAR(255) NOT NULL COMMENT '椅子登録トークン',
  created_at           DATETIME(6)  NOT NULL DEFAULT CURRENT_TIMESTAMP(6) COMMENT '登録日時',
  updated_at           DATETIME(6)  NOT NULL DEFAULT CURRENT_TIMESTAMP(6) ON UPDATE CURRENT_TIMESTAMP(6) COMMENT '更新日時',
  PRIMARY KEY (id),
  UNIQUE (name),
  UNIQUE (access_token),
  UNIQUE (chair_register_token)
)
  COMMENT = '椅子のオーナー情報テーブル'"
139	0.021978689	7.9436e-05	0.00015812	0.00459075	0.000165	139	1.0000	isuride	SELECT * FROM owners WHERE chair_register_token = '7e0564435760ac96fedb6e6a691d6079840cc97de44061cd5e5c9cf8b97c7577'
1	0.021351968	0.021351968	0.021351968	0.021351968	0	0	0.0000	isuride	INSERT INTO `payment_tokens` VALUES ('01JDJ23EA0C0P2KFPTXDKTZMNM','zMKGkeZuXcPyQPlPBJWJRnYnlPaIdSUOTWABUQerJIuKcsCfTHkmjhiIahDyIoPYpCpIRVGaszCVelTpPQKHTRAuLPDzyFWoZSJs','2024-11-25 16:22:32.000000'),('01JDJ23EA0C0P2KFPTXEJNC8TE','eowdyLFZINUNBEWoECKmGQWlwevNgBnjySkxbiSmeQdvwVzqSsDsAnrVsHJZBoLKHeMRjyGuXolcuaBaymnAfDAzVSuqHxnUgYMW','2024-11-25 16:22:32.000000'),('01JDJ322S0KH01ENA31X2QB60M','CStEflQqeGUHEuEQIDQjVnqDGyKUIyixzOXfEnuAHPIvlYQSgLswEaRMfkSDBuuluPXXKxbZyEqIVXsagUIMDqqErCsTUKClYvGy','2024-11-25 16:39:16.000000'),('01JDJ322S0KH01ENA320NK4MM4','EAhiYBGUTnobXZwTmLMonIufPJwgPXQmGuceqDrBtErIevyrGwUmYJutjrEiVhpimHxLVCBhAsgecaFGUlLQowgqGOukQoEuNsHh','2024-11-25 16:39:16.000000'),('01JDJ34EYGXHFM1HRDHCP0DFXY','TIOAwNDvaKHwlBIyJKGYolAVwgKLCwBkVSoIOyBklGhGoEqjbWuqiwswiyCgqLEcNgGcxhwdZIlNyUtkkiCnXAImUXUQilKZqwvM','2024-11-25 16:40:34.000000'),('01JDJ3N080WQD8H1GZBHA8RVCX','uOPyGqiAMlQsutZhUfiaucUSXzsmuNdqIXXjferIIPjVTUIjVaSwhNmqBDLbdpOTTVkvjPwGXwqudHIdszIQKATtkQYPnKcLCyAI','2024-11-25 16:49:36.000000'),('01JDJ...
60	0.017014719	7.7978e-05	0.000283578	0.007087068	4.3e-05	60	1.0000	isuride	SELECT * FROM users WHERE invitation_code = '584150abce3a270d7864704769e3eb'
1	0.014012369	0.014012369	0.014012369	0.014012369	1.3e-05	0	0.0000	isuride	"CREATE TABLE payment_tokens
(
  user_id    VARCHAR(26)  NOT NULL COMMENT 'ユーザーID',
  token      VARCHAR(255) NOT NULL COMMENT '決済トークン',
  created_at DATETIME(6)  NOT NULL DEFAULT CURRENT_TIMESTAMP(6) COMMENT '登録日時',
  PRIMARY KEY (user_id)
)
  COMMENT = '決済トークンテーブル'"
1	0.012919025	0.012919025	0.012919025	0.012919025	1e-05	0	0.0000	isuride	"CREATE TABLE rides
(
  id                    VARCHAR(26) NOT NULL COMMENT 'ライドID',
  user_id               VARCHAR(26) NOT NULL COMMENT 'ユーザーID',
  chair_id              VARCHAR(26) NULL     COMMENT '割り当てられた椅子ID',
  pickup_latitude       INTEGER     NOT NULL COMMENT '配車位置(経度)',
  pickup_longitude      INTEGER     NOT NULL COMMENT '配車位置(緯度)',
  destination_latitude  INTEGER     NOT NULL COMMENT '目的地(経度)',
  destination_longitude INTEGER     NOT NULL COMMENT '目的地(緯度)',
  evaluation            INTEGER     NULL     COMMENT '評価',
  created_at            DATETIME(6) NOT NULL DEFAULT CURRENT_TIMESTAMP(6) COMMENT '要求日時',
  updated_at            DATETIME(6) NOT NULL DEFAULT CURRENT_TIMESTAMP(6) ON UPDATE CURRENT_TIMESTAMP(6) COMMENT '状態更新日時',
  PRIMARY KEY (id)
)
  COMMENT = 'ライド情報テーブル'"
1	0.012705833	0.012705833	0.012705833	0.012705833	9e-06	0	0.0000	isuride	"CREATE TABLE chairs
(
  id           VARCHAR(26)  NOT NULL COMMENT '椅子ID',
  owner_id     VARCHAR(26)  NOT NULL COMMENT 'オーナーID',
  name         VARCHAR(30)  NOT NULL COMMENT '椅子の名前',
  model        TEXT         NOT NULL COMMENT '椅子のモデル',
  is_active    TINYINT(1)   NOT NULL COMMENT '配椅子受付中かどうか',
  access_token VARCHAR(255) NOT NULL COMMENT 'アクセストークン',
  created_at   DATETIME(6)  NOT NULL DEFAULT CURRENT_TIMESTAMP(6) COMMENT '登録日時',
  updated_at   DATETIME(6)  NOT NULL DEFAULT CURRENT_TIMESTAMP(6) ON UPDATE CURRENT_TIMESTAMP(6) COMMENT '更新日時',
  PRIMARY KEY (id)
)
  COMMENT = '椅子情報テーブル'"
1	0.012628381	0.012628381	0.012628381	0.012628381	9e-06	0	0.0000	isuride	"CREATE TABLE ride_statuses
(
  id              VARCHAR(26)                                                                NOT NULL,
  ride_id VARCHAR(26)                                                                        NOT NULL COMMENT 'ライドID',
  status          ENUM ('MATCHING', 'ENROUTE', 'PICKUP', 'CARRYING', 'ARRIVED', 'COMPLETED') NOT NULL COMMENT '状態',
  created_at      DATETIME(6)                                                                NOT NULL DEFAULT CURRENT_TIMESTAMP(6) COMMENT '状態変更日時',
  app_sent_at     DATETIME(6)                                                                NULL COMMENT 'ユーザーへの状態通知日時',
  chair_sent_at   DATETIME(6)                                                                NULL COMMENT '椅子への状態通知日時',
  PRIMARY KEY (id)
)
  COMMENT = 'ライドステータスの変更履歴テーブル'"
1	0.012369035	0.012369035	0.012369035	0.012369035	1e-05	0	0.0000	isuride	"CREATE TABLE chair_models
(
  name  VARCHAR(50) NOT NULL COMMENT '椅子モデル名',
  speed INTEGER     NOT NULL COMMENT '移動速度',
  PRIMARY KEY (name)
)
  COMMENT = '椅子モデルテーブル'"
1	0.012341673	0.012341673	0.012341673	0.012341673	9e-06	0	0.0000	isuride	"CREATE TABLE coupons
(
  user_id    VARCHAR(26)  NOT NULL COMMENT '所有しているユーザーのID',
  code       VARCHAR(255) NOT NULL COMMENT 'クーポンコード',
  discount   INTEGER      NOT NULL COMMENT '割引額',
  created_at DATETIME(6)  NOT NULL DEFAULT CURRENT_TIMESTAMP(6) COMMENT '付与日時',
  used_by    VARCHAR(26)  NULL COMMENT 'クーポンが適用されたライドのID',
  PRIMARY KEY (user_id, code)
)
  COMMENT 'クーポンテーブル'"
1	0.012070732	0.012070732	0.012070732	0.012070732	1e-05	0	0.0000	isuride	"CREATE TABLE chair_locations
(
  id         VARCHAR(26) NOT NULL,
  chair_id   VARCHAR(26) NOT NULL COMMENT '椅子ID',
  latitude   INTEGER     NOT NULL COMMENT '経度',
  longitude  INTEGER     NOT NULL COMMENT '緯度',
  created_at DATETIME(6) NOT NULL DEFAULT CURRENT_TIMESTAMP(6) COMMENT '登録日時',
  PRIMARY KEY (id)
)
  COMMENT = '椅子の現在位置情報テーブル'"
1	0.011229974	0.011229974	0.011229974	0.011229974	1.3e-05	0	0.0000	isuride	"CREATE TABLE settings
(
  name  VARCHAR(30) NOT NULL COMMENT '設定名',
  value TEXT        NOT NULL COMMENT '設定値',
  PRIMARY KEY (name)
)
  COMMENT = 'システム設定テーブル'"
1	0.009529992	0.009529992	0.009529992	0.009529992	6e-06	0	0.0000	isuride	DROP TABLE IF EXISTS ride_statuses
1	0.008512913	0.008512913	0.008512913	0.008512913	7e-06	0	0.0000	isuride	DROP TABLE IF EXISTS chair_locations
1	0.008394662	0.008394662	0.008394662	0.008394662	1.7e-05	0	0.0000	isuride	ALTER TABLE rides ADD INDEX (user_id, created_at DESC)
1	0.008085308	0.008085308	0.008085308	0.008085308	1.5e-05	0	0.0000	isuride	ALTER TABLE chairs ADD INDEX (is_active, last_status)
1	0.007553099	0.007553099	0.007553099	0.007553099	1.6e-05	0	0.0000	isuride	ALTER TABLE rides ADD INDEX (chair_id, created_at DESC)
1	0.007471257	0.007471257	0.007471257	0.007471257	1.4e-05	0	0.0000	isuride	ALTER TABLE rides ADD INDEX (chair_id, updated_at DESC)
1	0.007464693	0.007464693	0.007464693	0.007464693	1.6e-05	0	0.0000	isuride	ALTER TABLE chairs ADD INDEX (owner_id)
1	0.006862884	0.006862884	0.006862884	0.006862884	1.7e-05	0	0.0000	isuride	ALTER TABLE coupons ADD INDEX (used_by)
1	0.00668851	0.00668851	0.00668851	0.00668851	1.2e-05	0	0.0000	isuride	ALTER TABLE coupons ADD INDEX (user_id, code, used_by)
1	0.006676887	0.006676887	0.006676887	0.006676887	1.3e-05	0	0.0000	isuride	ALTER TABLE chairs ADD INDEX (access_token)
1	0.006629407	0.006629407	0.006629407	0.006629407	1.2e-05	0	0.0000	isuride	ALTER TABLE ride_statuses ADD INDEX (ride_id, app_sent_at, created_at)
1	0.006177761	0.006177761	0.006177761	0.006177761	1.5e-05	0	0.0000	isuride	ALTER TABLE chair_locations ADD INDEX (chair_id, created_at)
1	0.006100087	0.006100087	0.006100087	0.006100087	1e-05	0	0.0000	isuride	ALTER TABLE ride_statuses ADD INDEX (ride_id, chair_sent_at, created_at)
1	0.006056772	0.006056772	0.006056772	0.006056772	1.6e-05	0	0.0000	isuride	ALTER TABLE ride_statuses ADD INDEX (ride_id, created_at DESC)
1	0.005979645	0.005979645	0.005979645	0.005979645	9e-06	0	0.0000	isuride	ALTER TABLE coupons ADD INDEX (user_id, used_by, created_at)
1	0.005556359	0.005556359	0.005556359	0.005556359	8e-06	0	0.0000	isuride	DROP TABLE IF EXISTS chairs
1	0.005456949	0.005456949	0.005456949	0.005456949	7e-06	0	0.0000	isuride	DROP TABLE IF EXISTS rides
1	0.004819756	0.004819756	0.004819756	0.004819756	1.2e-05	0	0.0000	isuride	ALTER TABLE chairs ADD COLUMN last_latitude INTEGER INVISIBLE
1	0.004463242	0.004463242	0.004463242	0.004463242	1.2e-05	0	0.0000	isuride	ALTER TABLE chairs ADD COLUMN total_distance INTEGER NOT NULL DEFAULT 0 INVISIBLE
1	0.004369577	0.004369577	0.004369577	0.004369577	2e-05	0	0.0000	isuride	ALTER TABLE chairs ADD COLUMN total_distance_updated_at DATETIME(6) INVISIBLE
1	0.004362306	0.004362306	0.004362306	0.004362306	6e-06	0	0.0000	isuride	DROP TABLE IF EXISTS users
1	0.004308946	0.004308946	0.004308946	0.004308946	1.1e-05	0	0.0000	isuride	DROP TABLE IF EXISTS coupons
1	0.004296574	0.004296574	0.004296574	0.004296574	1.6e-05	0	0.0000	isuride	ALTER TABLE chairs ADD COLUMN speed INTEGER NULL COMMENT '移動速度' INVISIBLE
1	0.004043033	0.004043033	0.004043033	0.004043033	1.6e-05	0	0.0000	isuride	ALTER TABLE chairs ADD COLUMN last_status ENUM ('MATCHING', 'ENROUTE', 'PICKUP', 'CARRYING', 'ARRIVED', 'COMPLETED') NULL COMMENT '状態' INVISIBLE
1	0.003889814	0.003889814	0.003889814	0.003889814	9e-06	0	0.0000	isuride	DROP TABLE IF EXISTS owners
1	0.003864727	0.003864727	0.003864727	0.003864727	9e-06	0	0.0000	isuride	DROP TABLE IF EXISTS settings
1	0.003724957	0.003724957	0.003724957	0.003724957	1.3e-05	0	0.0000	isuride	ALTER TABLE chairs ADD COLUMN last_longitude INTEGER INVISIBLE
1	0.003689352	0.003689352	0.003689352	0.003689352	5e-06	0	0.0000	isuride	DROP TABLE IF EXISTS payment_tokens
1	0.003611019	0.003611019	0.003611019	0.003611019	1.6e-05	0	0.0000	isuride	ALTER TABLE rides ADD COLUMN last_status ENUM ('MATCHING', 'ENROUTE', 'PICKUP', 'CARRYING', 'ARRIVED', 'COMPLETED') NULL COMMENT '状態' INVISIBLE
1	0.003495174	0.003495174	0.003495174	0.003495174	4e-06	0	0.0000	isuride	DROP TABLE IF EXISTS chair_models
1	0.001316148	0.001316148	0.001316148	0.001316148	8e-06	0	0.0000	isuride	CREATE TRIGGER update_speed BEFORE INSERT ON chairs FOR EACH ROW SET NEW.speed = (SELECT speed FROM chair_models WHERE name = NEW.model)
1	0.001143562	0.001143562	0.001143562	0.001143562	7e-06	0	0.0000	isuride	"CREATE TRIGGER update_ride_statuses AFTER INSERT ON ride_statuses FOR EACH ROW BEGIN
UPDATE chairs SET last_status = NEW.status WHERE id IN (SELECT chair_id FROM rides WHERE id = NEW.ride_id);
UPDATE rides SET last_status = NEW.status WHERE id = NEW.ride_id;
END"
1	0.001103059	0.001103059	0.001103059	0.001103059	6e-06	0	0.0000	isuride	LOCK TABLES `ride_statuses` WRITE
1	0.001012047	0.001012047	0.001012047	0.001012047	7e-06	0	0.0000	isuride	LOCK TABLES `chairs` WRITE
1	0.000757308	0.000757308	0.000757308	0.000757308	2.3e-05	0	0.0000	isuride	LOCK TABLES `users` WRITE
5	0.000734608	8.0389e-05	0.000146921	0.000375699	1e-05	0	0.0000	isuride	INSERT INTO owners (id, name, access_token, chair_register_token) VALUES ('01JERA9W3AYMVYK3SDJBE14928', 'ReSit & Renew', '57cde18c7a12eab6db1c24767ae80b8453a16b1bbf9ab82d51f0d90ef537589e', 'ca78f54afff4c66371db3e272beaf8001d40013e9213c341628adaee86046567')
1	0.000724231	0.000724231	0.000724231	0.000724231	3e-06	0	0.0000	isuride	"INSERT INTO chair_models (name, speed)
VALUES ('リラックスシート NEO', 2),
       ('エアシェル ライト', 2),
       ('チェアエース S', 2),
       ('スピンフレーム 01', 2),
       ('ベーシックスツール プラス', 2),
       ('SitEase', 2),
       ('ComfortBasic', 2),
       ('EasySit', 2),
       ('LiteLine', 2),
       ('リラックス座', 2),
       ('エルゴクレスト II', 3),
       ('フォームライン RX', 3),
       ('シェルシート ハイブリッド', 3),
       ('リカーブチェア スマート', 3),
       ('フレックスコンフォート PRO', 3),
       ('ErgoFlex', 3),
       ('BalancePro', 3),
       ('StyleSit', 3),
       ('風雅（ふうが）チェア', 3),
       ('AeroSeat', 3),
       ('ゲーミングシート NEXUS', 3),
       ('プレイスタイル Z', 3),
       ('ストリームギア S1', 3),
       ('クエストチェア Lite', 3),
       ('エアフロー EZ', 3),
       ('アルティマシート X', 5),
       (..."
1	0.000692073	0.000692073	0.000692073	0.000692073	9e-06	0	0.0000	isuride	LOCK TABLES `owners` WRITE
1	0.000503489	0.000503489	0.000503489	0.000503489	4e-06	0	0.0000	isuride	LOCK TABLES `payment_tokens` WRITE
1	0.000465911	0.000465911	0.000465911	0.000465911	5e-06	0	0.0000	isuride	"INSERT INTO settings (name, value)
VALUES ('payment_gateway_url', 'http://localhost:12345')"
8	0.000416584	3.9178e-05	5.2073e-05	6.9145e-05	0	0	0.0000	isuride	UNLOCK TABLES
1	0.00030225	0.00030225	0.00030225	0.00030225	2e-06	0	0.0000	isuride	/*!40000 ALTER TABLE `ride_statuses` ENABLE KEYS */
1	0.000297402	0.000297402	0.000297402	0.000297402	5e-06	0	0.0000	isuride	/*!40000 ALTER TABLE `coupons` ENABLE KEYS */
1	0.000284063	0.000284063	0.000284063	0.000284063	2e-06	0	0.0000	isuride	/*!40000 ALTER TABLE `chair_locations` ENABLE KEYS */
4	0.000282702	5.6199e-05	7.0675e-05	8.2071e-05	0	4	1.0000	isuride	select @@version_comment limit 1
1	0.000270166	0.000270166	0.000270166	0.000270166	2e-06	0	0.0000	isuride	/*!40000 ALTER TABLE `rides` ENABLE KEYS */
1	0.000253876	0.000253876	0.000253876	0.000253876	2e-06	0	0.0000	isuride	UPDATE settings SET value = 'http://13.231.176.230:12345' WHERE name = 'payment_gateway_url'
1	0.000236328	0.000236328	0.000236328	0.000236328	1e-06	0	0.0000	isuride	/*!40000 ALTER TABLE `chairs` ENABLE KEYS */
1	0.000216938	0.000216938	0.000216938	0.000216938	2e-06	0	0.0000	isuride	/*!40000 ALTER TABLE `users` ENABLE KEYS */
1	0.000207625	0.000207625	0.000207625	0.000207625	3e-06	0	0.0000	isuride	LOCK TABLES `rides` WRITE
1	0.000194163	0.000194163	0.000194163	0.000194163	3e-06	0	0.0000	isuride	LOCK TABLES `coupons` WRITE
1	0.0001897	0.0001897	0.0001897	0.0001897	1e-06	0	0.0000	isuride	/*!40000 ALTER TABLE `chairs` DISABLE KEYS */
1	0.0001805	0.0001805	0.0001805	0.0001805	0	0	0.0000	isuride	/*!40000 ALTER TABLE `ride_statuses` DISABLE KEYS */
1	0.000176469	0.000176469	0.000176469	0.000176469	0	0	0.0000	isuride	/*!40000 ALTER TABLE `owners` DISABLE KEYS */
1	0.000173668	0.000173668	0.000173668	0.000173668	2e-06	0	0.0000	isuride	/*!40000 ALTER TABLE `users` DISABLE KEYS */
1	0.000172772	0.000172772	0.000172772	0.000172772	2e-06	0	0.0000	isuride	/*!40000 ALTER TABLE `rides` DISABLE KEYS */
1	0.000170576	0.000170576	0.000170576	0.000170576	3e-06	0	0.0000	isuride	LOCK TABLES `chair_locations` WRITE
1	0.000167499	0.000167499	0.000167499	0.000167499	1e-06	0	0.0000	isuride	/*!40000 ALTER TABLE `owners` ENABLE KEYS */
1	0.000167044	0.000167044	0.000167044	0.000167044	0	0	0.0000	isuride	INSERT INTO `owners` VALUES ('01JDFEDF0032PVQ8C193WGKKPB','Seat Revival','7188f2fb45c7d81a6ba30d1572cfff37b3857e66f7b50513bbf89eb2c4bc0ac7','e4dc94948c0ef9fdb9c4e0240b291ce2a3c25a4ee497a3b78baf242e0ca4ca44','2024-11-24 16:00:00.000000','2024-11-24 16:00:00.000000'),('01JDFEDF008NTA922W12FS7800','快座製作所','001d0876c1197819935c6f2e32eb03209c2a874ee6e6463fadffc9d6b14c1ef6','2c8be21b1f52c6fe3dfe65cf28ddad346c7d3dd10a8dd8b8ef4d82a78cda03a2','2024-11-24 16:00:00.000000','2024-11-24 16:00:00.000000'),('01JDFEDF00B09BNMV8MP0RB34G','匠椅子製作所','0811617de5c97aea5ddb433f085c3d1ef2598ab71531ab3492ebb8629f0598d2','cd8a581e44c8cc269ce9f1484b96f5346258d3790eab576c224e3b347f852245','2024-11-24 16:00:00.000000','2024-11-24 16:00:00.000000'),('01JDFEDF00RBY5VSY7C18K3NVF','つくる椅子株式会社','c3eb38a254ca73e84b4d01158870a06d16aefa44f2db7d077a3c82dd8a9c17c2','7451ac5ebdc57986df73f4be0f3734934656eeb5bfde62c6ec5322475e048395','2024-11-24 16:00:00.000000','2024-11-24 16:00:00.000000'),('01JDFEDF00YK9SN...
1	0.000161402	0.000161402	0.000161402	0.000161402	1e-06	0	0.0000	isuride	/*!40000 ALTER TABLE `payment_tokens` ENABLE KEYS */
1	0.000160005	0.000160005	0.000160005	0.000160005	1e-06	0	0.0000	isuride	/*!40000 ALTER TABLE `chair_locations` DISABLE KEYS */
1	0.000156702	0.000156702	0.000156702	0.000156702	2e-06	0	0.0000	isuride	/*!40000 ALTER TABLE `coupons` DISABLE KEYS */
5	0.000151629	2.6991e-05	3.0325e-05	3.2446e-05	0	5	1.0000	isuride	SELECT DATABASE()
1	0.000122768	0.000122768	0.000122768	0.000122768	1e-06	0	0.0000	isuride	/*!40000 ALTER TABLE `payment_tokens` DISABLE KEYS */
3	0.000117117	3.6951e-05	3.9039e-05	4.1608e-05	0	0	0.0000	isuride	SET CHARACTER_SET_CLIENT = utf8mb4
3	8.2051e-05	2.3228e-05	2.735e-05	3.2631e-05	0	0	0.0000	isuride	SET CHARACTER_SET_CONNECTION = utf8mb4
1	6.3874e-05	6.3874e-05	6.3874e-05	6.3874e-05	0	0	0.0000	isuride	/*!40103 SET TIME_ZONE=@OLD_TIME_ZONE */
1	4.5635e-05	4.5635e-05	4.5635e-05	4.5635e-05	0	0	0.0000	isuride	/*!40101 SET SQL_MODE=@OLD_SQL_MODE */
1	4.5218e-05	4.5218e-05	4.5218e-05	4.5218e-05	0	0	0.0000	isuride	/*!40101 SET CHARACTER_SET_CLIENT=@OLD_CHARACTER_SET_CLIENT */
1	4.4329e-05	4.4329e-05	4.4329e-05	4.4329e-05	0	0	0.0000	isuride	/*!40101 SET CHARACTER_SET_RESULTS=@OLD_CHARACTER_SET_RESULTS */
1	3.7871e-05	3.7871e-05	3.7871e-05	3.7871e-05	0	0	0.0000	isuride	/*!40101 SET @OLD_CHARACTER_SET_RESULTS=@@CHARACTER_SET_RESULTS */
1	3.5092e-05	3.5092e-05	3.5092e-05	3.5092e-05	0	0	0.0000	isuride	/*!40014 SET FOREIGN_KEY_CHECKS=@OLD_FOREIGN_KEY_CHECKS */
1	3.3082e-05	3.3082e-05	3.3082e-05	3.3082e-05	0	0	0.0000	isuride	/*!40014 SET UNIQUE_CHECKS=@OLD_UNIQUE_CHECKS */
1	3.163e-05	3.163e-05	3.163e-05	3.163e-05	0	0	0.0000	isuride	/*!40101 SET @OLD_CHARACTER_SET_CLIENT=@@CHARACTER_SET_CLIENT */
1	3.1019e-05	3.1019e-05	3.1019e-05	3.1019e-05	0	0	0.0000	isuride	USE `isuride`
1	2.8774e-05	2.8774e-05	2.8774e-05	2.8774e-05	0	0	0.0000	isuride	/*!50503 SET NAMES utf8mb4 */
1	2.6388e-05	2.6388e-05	2.6388e-05	2.6388e-05	0	0	0.0000	isuride	/*!40014 SET @OLD_UNIQUE_CHECKS=@@UNIQUE_CHECKS, UNIQUE_CHECKS=0 */
1	2.599e-05	2.599e-05	2.599e-05	2.599e-05	0	0	0.0000	isuride	/*!40101 SET @OLD_SQL_MODE=@@SQL_MODE, SQL_MODE='NO_AUTO_VALUE_ON_ZERO' */
1	2.4674e-05	2.4674e-05	2.4674e-05	2.4674e-05	0	0	0.0000	isuride	/*!40103 SET TIME_ZONE='+00:00' */
1	2.4636e-05	2.4636e-05	2.4636e-05	2.4636e-05	0	0	0.0000	isuride	/*!40014 SET @OLD_FOREIGN_KEY_CHECKS=@@FOREIGN_KEY_CHECKS, FOREIGN_KEY_CHECKS=0 */
1	2.3606e-05	2.3606e-05	2.3606e-05	2.3606e-05	0	0	0.0000	isuride	/*!40101 SET COLLATION_CONNECTION=@OLD_COLLATION_CONNECTION */
1	2.1571e-05	2.1571e-05	2.1571e-05	2.1571e-05	0	0	0.0000	isuride	/*!40111 SET @OLD_SQL_NOTES=@@SQL_NOTES, SQL_NOTES=0 */
1	2.137e-05	2.137e-05	2.137e-05	2.137e-05	0	0	0.0000	isuride	/*!40111 SET SQL_NOTES=@OLD_SQL_NOTES */
1	2.1096e-05	2.1096e-05	2.1096e-05	2.1096e-05	0	0	0.0000	isuride	/*!40103 SET @OLD_TIME_ZONE=@@TIME_ZONE */
1	2.0668e-05	2.0668e-05	2.0668e-05	2.0668e-05	0	0	0.0000	isuride	/*!40101 SET @OLD_COLLATION_CONNECTION=@@COLLATION_CONNECTION */
